# Silicon nitride (Si3N4, stoichiometric LPCVD) refractive index
# Source: Luke et al., Opt. Lett. 40, 4823-4826 (2015)
# Sellmeier formula valid 0.310-5.504 um
# k assumed = 0 (negligible absorption in VNIR-SWIR for stoichiometric Si3N4)
# NOTE: PECVD Si3N4 has hydrogen content and typically n ~ 1.85-1.95 (lower)
wavelength_nm,n,k
400.0,2.100421,0.000000e+00
405.0,2.097823,0.000000e+00
410.0,2.095330,0.000000e+00
415.0,2.092937,0.000000e+00
420.0,2.090638,0.000000e+00
425.0,2.088429,0.000000e+00
430.0,2.086303,0.000000e+00
435.0,2.084258,0.000000e+00
440.0,2.082288,0.000000e+00
445.0,2.080391,0.000000e+00
450.0,2.078561,0.000000e+00
455.0,2.076797,0.000000e+00
460.0,2.075094,0.000000e+00
465.0,2.073450,0.000000e+00
470.0,2.071862,0.000000e+00
475.0,2.070327,0.000000e+00
480.0,2.068843,0.000000e+00
485.0,2.067407,0.000000e+00
490.0,2.066018,0.000000e+00
495.0,2.064673,0.000000e+00
500.0,2.063370,0.000000e+00
505.0,2.062107,0.000000e+00
510.0,2.060883,0.000000e+00
515.0,2.059696,0.000000e+00
520.0,2.058545,0.000000e+00
525.0,2.057427,0.000000e+00
530.0,2.056342,0.000000e+00
535.0,2.055288,0.000000e+00
540.0,2.054264,0.000000e+00
545.0,2.053268,0.000000e+00
550.0,2.052301,0.000000e+00
555.0,2.051359,0.000000e+00
560.0,2.050443,0.000000e+00
565.0,2.049552,0.000000e+00
570.0,2.048684,0.000000e+00
575.0,2.047838,0.000000e+00
580.0,2.047015,0.000000e+00
585.0,2.046212,0.000000e+00
590.0,2.045430,0.000000e+00
595.0,2.044667,0.000000e+00
600.0,2.043922,0.000000e+00
605.0,2.043196,0.000000e+00
610.0,2.042488,0.000000e+00
615.0,2.041796,0.000000e+00
620.0,2.041120,0.000000e+00
625.0,2.040460,0.000000e+00
630.0,2.039815,0.000000e+00
635.0,2.039185,0.000000e+00
640.0,2.038569,0.000000e+00
645.0,2.037966,0.000000e+00
650.0,2.037377,0.000000e+00
655.0,2.036800,0.000000e+00
660.0,2.036236,0.000000e+00
665.0,2.035684,0.000000e+00
670.0,2.035143,0.000000e+00
675.0,2.034613,0.000000e+00
680.0,2.034095,0.000000e+00
685.0,2.033586,0.000000e+00
690.0,2.033088,0.000000e+00
695.0,2.032600,0.000000e+00
700.0,2.032121,0.000000e+00
705.0,2.031652,0.000000e+00
710.0,2.031191,0.000000e+00
715.0,2.030739,0.000000e+00
720.0,2.030296,0.000000e+00
725.0,2.029860,0.000000e+00
730.0,2.029433,0.000000e+00
735.0,2.029013,0.000000e+00
740.0,2.028601,0.000000e+00
745.0,2.028196,0.000000e+00
750.0,2.027798,0.000000e+00
755.0,2.027407,0.000000e+00
760.0,2.027023,0.000000e+00
765.0,2.026645,0.000000e+00
770.0,2.026273,0.000000e+00
775.0,2.025907,0.000000e+00
780.0,2.025547,0.000000e+00
785.0,2.025193,0.000000e+00
790.0,2.024845,0.000000e+00
795.0,2.024502,0.000000e+00
800.0,2.024164,0.000000e+00
805.0,2.023832,0.000000e+00
810.0,2.023504,0.000000e+00
815.0,2.023181,0.000000e+00
820.0,2.022863,0.000000e+00
825.0,2.022550,0.000000e+00
830.0,2.022241,0.000000e+00
835.0,2.021937,0.000000e+00
840.0,2.021636,0.000000e+00
845.0,2.021340,0.000000e+00
850.0,2.021048,0.000000e+00
855.0,2.020760,0.000000e+00
860.0,2.020476,0.000000e+00
865.0,2.020195,0.000000e+00
870.0,2.019918,0.000000e+00
875.0,2.019644,0.000000e+00
880.0,2.019374,0.000000e+00
885.0,2.019108,0.000000e+00
890.0,2.018844,0.000000e+00
895.0,2.018584,0.000000e+00
900.0,2.018327,0.000000e+00
905.0,2.018073,0.000000e+00
910.0,2.017822,0.000000e+00
915.0,2.017574,0.000000e+00
920.0,2.017328,0.000000e+00
925.0,2.017086,0.000000e+00
930.0,2.016846,0.000000e+00
935.0,2.016608,0.000000e+00
940.0,2.016373,0.000000e+00
945.0,2.016141,0.000000e+00
950.0,2.015911,0.000000e+00
955.0,2.015683,0.000000e+00
960.0,2.015458,0.000000e+00
965.0,2.015235,0.000000e+00
970.0,2.015014,0.000000e+00
975.0,2.014795,0.000000e+00
980.0,2.014579,0.000000e+00
985.0,2.014364,0.000000e+00
990.0,2.014151,0.000000e+00
995.0,2.013941,0.000000e+00
1000.0,2.013732,0.000000e+00
1005.0,2.013525,0.000000e+00
1010.0,2.013320,0.000000e+00
1015.0,2.013116,0.000000e+00
1020.0,2.012915,0.000000e+00
1025.0,2.012715,0.000000e+00
1030.0,2.012516,0.000000e+00
1035.0,2.012319,0.000000e+00
1040.0,2.012124,0.000000e+00
1045.0,2.011931,0.000000e+00
1050.0,2.011738,0.000000e+00
1055.0,2.011548,0.000000e+00
1060.0,2.011358,0.000000e+00
1065.0,2.011170,0.000000e+00
1070.0,2.010984,0.000000e+00
1075.0,2.010799,0.000000e+00
1080.0,2.010615,0.000000e+00
1085.0,2.010432,0.000000e+00
1090.0,2.010250,0.000000e+00
1095.0,2.010070,0.000000e+00
1100.0,2.009891,0.000000e+00
1105.0,2.009713,0.000000e+00
1110.0,2.009536,0.000000e+00
1115.0,2.009361,0.000000e+00
1120.0,2.009186,0.000000e+00
1125.0,2.009012,0.000000e+00
1130.0,2.008840,0.000000e+00
1135.0,2.008668,0.000000e+00
1140.0,2.008497,0.000000e+00
1145.0,2.008327,0.000000e+00
1150.0,2.008159,0.000000e+00
1155.0,2.007991,0.000000e+00
1160.0,2.007824,0.000000e+00
1165.0,2.007657,0.000000e+00
1170.0,2.007492,0.000000e+00
1175.0,2.007328,0.000000e+00
1180.0,2.007164,0.000000e+00
1185.0,2.007001,0.000000e+00
1190.0,2.006839,0.000000e+00
1195.0,2.006677,0.000000e+00
1200.0,2.006516,0.000000e+00
1205.0,2.006356,0.000000e+00
1210.0,2.006197,0.000000e+00
1215.0,2.006038,0.000000e+00
1220.0,2.005880,0.000000e+00
1225.0,2.005723,0.000000e+00
1230.0,2.005566,0.000000e+00
1235.0,2.005410,0.000000e+00
1240.0,2.005254,0.000000e+00
1245.0,2.005099,0.000000e+00
1250.0,2.004945,0.000000e+00
1255.0,2.004791,0.000000e+00
1260.0,2.004638,0.000000e+00
1265.0,2.004485,0.000000e+00
1270.0,2.004332,0.000000e+00
1275.0,2.004180,0.000000e+00
1280.0,2.004029,0.000000e+00
1285.0,2.003878,0.000000e+00
1290.0,2.003728,0.000000e+00
1295.0,2.003578,0.000000e+00
1300.0,2.003428,0.000000e+00
1305.0,2.003279,0.000000e+00
1310.0,2.003130,0.000000e+00
1315.0,2.002982,0.000000e+00
1320.0,2.002833,0.000000e+00
1325.0,2.002686,0.000000e+00
1330.0,2.002539,0.000000e+00
1335.0,2.002392,0.000000e+00
1340.0,2.002245,0.000000e+00
1345.0,2.002099,0.000000e+00
1350.0,2.001953,0.000000e+00
1355.0,2.001807,0.000000e+00
1360.0,2.001662,0.000000e+00
1365.0,2.001517,0.000000e+00
1370.0,2.001372,0.000000e+00
1375.0,2.001227,0.000000e+00
1380.0,2.001083,0.000000e+00
1385.0,2.000939,0.000000e+00
1390.0,2.000795,0.000000e+00
1395.0,2.000652,0.000000e+00
1400.0,2.000508,0.000000e+00
1405.0,2.000365,0.000000e+00
1410.0,2.000222,0.000000e+00
1415.0,2.000080,0.000000e+00
1420.0,1.999937,0.000000e+00
1425.0,1.999795,0.000000e+00
1430.0,1.999653,0.000000e+00
1435.0,1.999511,0.000000e+00
1440.0,1.999369,0.000000e+00
1445.0,1.999228,0.000000e+00
1450.0,1.999086,0.000000e+00
1455.0,1.998945,0.000000e+00
1460.0,1.998804,0.000000e+00
1465.0,1.998663,0.000000e+00
1470.0,1.998522,0.000000e+00
1475.0,1.998381,0.000000e+00
1480.0,1.998240,0.000000e+00
1485.0,1.998100,0.000000e+00
1490.0,1.997959,0.000000e+00
1495.0,1.997819,0.000000e+00
1500.0,1.997679,0.000000e+00
1505.0,1.997539,0.000000e+00
1510.0,1.997398,0.000000e+00
1515.0,1.997258,0.000000e+00
1520.0,1.997118,0.000000e+00
1525.0,1.996979,0.000000e+00
1530.0,1.996839,0.000000e+00
1535.0,1.996699,0.000000e+00
1540.0,1.996559,0.000000e+00
1545.0,1.996419,0.000000e+00
1550.0,1.996280,0.000000e+00
1555.0,1.996140,0.000000e+00
1560.0,1.996000,0.000000e+00
1565.0,1.995861,0.000000e+00
1570.0,1.995721,0.000000e+00
1575.0,1.995582,0.000000e+00
1580.0,1.995442,0.000000e+00
1585.0,1.995303,0.000000e+00
1590.0,1.995163,0.000000e+00
1595.0,1.995024,0.000000e+00
1600.0,1.994884,0.000000e+00
1605.0,1.994744,0.000000e+00
1610.0,1.994605,0.000000e+00
1615.0,1.994465,0.000000e+00
1620.0,1.994326,0.000000e+00
1625.0,1.994186,0.000000e+00
1630.0,1.994046,0.000000e+00
1635.0,1.993906,0.000000e+00
1640.0,1.993767,0.000000e+00
1645.0,1.993627,0.000000e+00
1650.0,1.993487,0.000000e+00
1655.0,1.993347,0.000000e+00
1660.0,1.993207,0.000000e+00
1665.0,1.993067,0.000000e+00
1670.0,1.992927,0.000000e+00
1675.0,1.992787,0.000000e+00
1680.0,1.992647,0.000000e+00
1685.0,1.992506,0.000000e+00
1690.0,1.992366,0.000000e+00
1695.0,1.992226,0.000000e+00
1700.0,1.992085,0.000000e+00
1705.0,1.991944,0.000000e+00
1710.0,1.991804,0.000000e+00
1715.0,1.991663,0.000000e+00
1720.0,1.991522,0.000000e+00
1725.0,1.991381,0.000000e+00
1730.0,1.991240,0.000000e+00
1735.0,1.991099,0.000000e+00
1740.0,1.990957,0.000000e+00
1745.0,1.990816,0.000000e+00
1750.0,1.990675,0.000000e+00
1755.0,1.990533,0.000000e+00
1760.0,1.990391,0.000000e+00
1765.0,1.990249,0.000000e+00
1770.0,1.990107,0.000000e+00
1775.0,1.989965,0.000000e+00
1780.0,1.989823,0.000000e+00
1785.0,1.989681,0.000000e+00
1790.0,1.989538,0.000000e+00
1795.0,1.989396,0.000000e+00
1800.0,1.989253,0.000000e+00
1805.0,1.989110,0.000000e+00
1810.0,1.988967,0.000000e+00
1815.0,1.988824,0.000000e+00
1820.0,1.988681,0.000000e+00
1825.0,1.988537,0.000000e+00
1830.0,1.988394,0.000000e+00
1835.0,1.988250,0.000000e+00
1840.0,1.988106,0.000000e+00
1845.0,1.987962,0.000000e+00
1850.0,1.987818,0.000000e+00
1855.0,1.987673,0.000000e+00
1860.0,1.987529,0.000000e+00
1865.0,1.987384,0.000000e+00
1870.0,1.987239,0.000000e+00
1875.0,1.987094,0.000000e+00
1880.0,1.986949,0.000000e+00
1885.0,1.986804,0.000000e+00
1890.0,1.986658,0.000000e+00
1895.0,1.986513,0.000000e+00
1900.0,1.986367,0.000000e+00
1905.0,1.986221,0.000000e+00
1910.0,1.986074,0.000000e+00
1915.0,1.985928,0.000000e+00
1920.0,1.985781,0.000000e+00
1925.0,1.985635,0.000000e+00
1930.0,1.985488,0.000000e+00
1935.0,1.985340,0.000000e+00
1940.0,1.985193,0.000000e+00
1945.0,1.985046,0.000000e+00
1950.0,1.984898,0.000000e+00
1955.0,1.984750,0.000000e+00
1960.0,1.984602,0.000000e+00
1965.0,1.984453,0.000000e+00
1970.0,1.984305,0.000000e+00
1975.0,1.984156,0.000000e+00
1980.0,1.984007,0.000000e+00
1985.0,1.983858,0.000000e+00
1990.0,1.983709,0.000000e+00
1995.0,1.983559,0.000000e+00
2000.0,1.983410,0.000000e+00
2005.0,1.983260,0.000000e+00
2010.0,1.983109,0.000000e+00
2015.0,1.982959,0.000000e+00
2020.0,1.982808,0.000000e+00
2025.0,1.982658,0.000000e+00
2030.0,1.982507,0.000000e+00
2035.0,1.982355,0.000000e+00
2040.0,1.982204,0.000000e+00
2045.0,1.982052,0.000000e+00
2050.0,1.981900,0.000000e+00
2055.0,1.981748,0.000000e+00
2060.0,1.981596,0.000000e+00
2065.0,1.981443,0.000000e+00
2070.0,1.981291,0.000000e+00
2075.0,1.981138,0.000000e+00
2080.0,1.980984,0.000000e+00
2085.0,1.980831,0.000000e+00
2090.0,1.980677,0.000000e+00
2095.0,1.980523,0.000000e+00
2100.0,1.980369,0.000000e+00
2105.0,1.980215,0.000000e+00
2110.0,1.980060,0.000000e+00
2115.0,1.979905,0.000000e+00
2120.0,1.979750,0.000000e+00
2125.0,1.979595,0.000000e+00
2130.0,1.979439,0.000000e+00
2135.0,1.979283,0.000000e+00
2140.0,1.979127,0.000000e+00
2145.0,1.978971,0.000000e+00
2150.0,1.978814,0.000000e+00
2155.0,1.978658,0.000000e+00
2160.0,1.978501,0.000000e+00
2165.0,1.978343,0.000000e+00
2170.0,1.978186,0.000000e+00
2175.0,1.978028,0.000000e+00
2180.0,1.977870,0.000000e+00
2185.0,1.977712,0.000000e+00
2190.0,1.977553,0.000000e+00
2195.0,1.977394,0.000000e+00
2200.0,1.977235,0.000000e+00
2205.0,1.977076,0.000000e+00
2210.0,1.976917,0.000000e+00
2215.0,1.976757,0.000000e+00
2220.0,1.976597,0.000000e+00
2225.0,1.976436,0.000000e+00
2230.0,1.976276,0.000000e+00
2235.0,1.976115,0.000000e+00
2240.0,1.975954,0.000000e+00
2245.0,1.975793,0.000000e+00
2250.0,1.975631,0.000000e+00
2255.0,1.975469,0.000000e+00
2260.0,1.975307,0.000000e+00
2265.0,1.975145,0.000000e+00
2270.0,1.974982,0.000000e+00
2275.0,1.974819,0.000000e+00
2280.0,1.974656,0.000000e+00
2285.0,1.974492,0.000000e+00
2290.0,1.974329,0.000000e+00
2295.0,1.974165,0.000000e+00
2300.0,1.974000,0.000000e+00
2305.0,1.973836,0.000000e+00
2310.0,1.973671,0.000000e+00
2315.0,1.973506,0.000000e+00
2320.0,1.973341,0.000000e+00
2325.0,1.973175,0.000000e+00
2330.0,1.973009,0.000000e+00
2335.0,1.972843,0.000000e+00
2340.0,1.972676,0.000000e+00
2345.0,1.972510,0.000000e+00
2350.0,1.972343,0.000000e+00
2355.0,1.972175,0.000000e+00
2360.0,1.972008,0.000000e+00
2365.0,1.971840,0.000000e+00
2370.0,1.971672,0.000000e+00
2375.0,1.971504,0.000000e+00
2380.0,1.971335,0.000000e+00
2385.0,1.971166,0.000000e+00
2390.0,1.970997,0.000000e+00
2395.0,1.970827,0.000000e+00
2400.0,1.970657,0.000000e+00
2405.0,1.970487,0.000000e+00
2410.0,1.970317,0.000000e+00
2415.0,1.970146,0.000000e+00
2420.0,1.969975,0.000000e+00
2425.0,1.969804,0.000000e+00
2430.0,1.969633,0.000000e+00
2435.0,1.969461,0.000000e+00
2440.0,1.969289,0.000000e+00
2445.0,1.969117,0.000000e+00
2450.0,1.968944,0.000000e+00
2455.0,1.968771,0.000000e+00
2460.0,1.968598,0.000000e+00
2465.0,1.968424,0.000000e+00
2470.0,1.968250,0.000000e+00
2475.0,1.968076,0.000000e+00
2480.0,1.967902,0.000000e+00
2485.0,1.967727,0.000000e+00
2490.0,1.967552,0.000000e+00
2495.0,1.967377,0.000000e+00
2500.0,1.967201,0.000000e+00
