gen,d1,d2,d3,h1,h2,h3,fitness
1,96.15,347.12,318.79,247.43,874.18,200.23,0.394961
2,107.15,349.30,341.04,200.19,524.98,212.45,0.377758
3,163.26,253.44,285.87,587.48,1013.66,249.05,0.353666
4,147.48,349.84,336.36,208.01,772.23,488.97,0.369462
5,116.46,348.72,324.25,327.16,831.77,663.73,0.376317
6,201.37,309.93,320.41,751.39,812.68,237.19,0.371008
7,147.67,349.02,286.49,813.30,479.36,253.37,0.344685
8,327.02,312.61,324.57,1179.40,574.60,278.61,0.350535
9,193.65,348.44,349.14,1087.05,249.13,634.49,0.355381
10,248.56,339.38,349.90,771.01,466.28,991.08,0.375774
11,344.75,306.54,342.39,534.13,252.26,1197.33,0.328733
12,158.64,348.93,293.34,1114.19,916.28,994.96,0.365781
13,204.18,349.92,346.51,995.93,338.73,478.22,0.363277
14,348.06,344.69,332.71,561.92,412.24,861.30,0.357752
15,279.37,349.93,292.47,960.98,455.92,838.63,0.355149
16,193.30,303.15,349.58,1097.00,211.20,427.03,0.350661
17,335.89,347.76,334.32,1107.24,345.32,352.36,0.360534
18,305.91,348.13,337.28,1086.43,460.88,887.39,0.359730
19,347.70,348.67,336.14,1135.68,234.79,200.37,0.363370
20,347.80,325.70,333.72,535.37,207.54,1049.84,0.341117
21,349.81,324.28,303.70,466.11,216.84,951.49,0.329379
22,306.08,342.75,294.03,269.43,550.10,1198.78,0.363026
23,339.54,322.54,349.11,385.66,284.70,1190.47,0.343395
24,321.46,324.88,340.24,403.80,238.84,1007.07,0.348754
25,345.06,319.16,316.54,484.37,238.94,959.50,0.323633
26,346.70,333.24,341.65,684.25,218.60,957.65,0.342518
27,349.12,348.00,348.87,478.30,309.02,1161.75,0.334722
28,346.81,334.83,346.16,557.14,324.18,1013.51,0.349787
29,338.39,337.97,348.26,640.56,261.62,1172.63,0.333064
30,349.65,309.86,349.84,683.26,307.78,971.44,0.345359
31,343.00,349.91,344.13,567.63,264.64,1151.89,0.338137
32,341.89,349.63,336.04,469.29,240.22,1199.70,0.342392
33,342.34,348.04,341.94,461.00,259.95,1070.74,0.339779
34,347.33,349.91,349.94,457.40,221.25,1110.75,0.330078
35,349.18,348.93,349.55,463.14,248.37,1187.95,0.320956
36,347.89,349.88,345.21,452.47,214.52,1171.13,0.332161
37,347.96,325.50,349.49,461.36,226.82,1183.78,0.312715
38,349.87,333.44,349.74,472.40,225.00,1125.32,0.319089
39,347.08,334.43,349.17,468.82,228.35,1180.73,0.315841
40,346.53,316.10,350.00,452.56,217.37,1198.63,0.319146
41,345.05,317.74,349.97,482.75,224.90,1197.57,0.316056
42,348.16,300.96,349.51,506.74,223.57,1112.94,0.315333
43,348.50,299.32,348.98,533.96,232.58,1173.94,0.317781
44,347.30,302.28,347.28,484.45,205.02,1179.24,0.323111
45,344.03,324.33,349.91,441.03,255.02,1137.26,0.318858
46,348.46,297.47,348.07,480.49,200.52,1181.87,0.322017
47,341.11,310.14,349.54,485.59,235.52,1186.97,0.310371
48,349.99,319.37,349.78,471.56,259.63,1190.62,0.313697
49,349.59,302.64,348.28,498.37,259.20,1185.78,0.311454
50,341.85,321.91,347.73,469.09,238.98,1166.67,0.311455
51,349.94,318.27,347.38,523.84,230.51,1198.83,0.317280
52,348.83,317.13,348.13,483.57,250.09,1189.10,0.309750
53,342.90,320.68,349.92,493.01,229.00,1185.40,0.314497
54,348.40,302.21,348.66,483.88,248.52,1195.14,0.311886
55,349.15,304.95,347.93,477.89,251.83,1199.36,0.313185
56,349.82,301.15,348.59,475.91,250.38,1192.67,0.309917
57,349.58,301.53,349.42,479.86,257.24,1184.10,0.310540
58,348.84,312.76,349.77,478.73,231.84,1150.80,0.309138
59,349.98,315.20,349.95,458.06,255.61,1147.08,0.309997
60,347.85,308.87,349.89,479.30,253.51,1101.88,0.315377
61,349.88,309.24,349.19,467.81,264.61,1142.58,0.315454
62,349.95,306.11,349.99,464.62,237.07,1173.85,0.311250
63,349.82,316.76,349.10,474.81,249.02,1197.53,0.311975
64,345.08,308.90,349.75,470.68,240.29,1134.80,0.311830
65,348.45,310.90,349.98,464.62,248.15,1179.19,0.307543
66,346.71,317.70,349.93,458.76,251.08,1177.69,0.308065
67,349.30,310.51,350.00,469.84,247.51,1176.86,0.308549
68,348.12,309.49,349.93,476.02,255.11,1186.81,0.309218
69,346.84,309.59,350.00,468.36,248.55,1145.53,0.308088
70,345.13,312.48,349.89,462.87,260.33,1187.09,0.308871
71,348.76,315.87,349.86,462.89,252.52,1176.73,0.309173
72,348.81,312.64,350.00,472.23,245.80,1182.67,0.308291
73,349.80,315.27,349.84,466.38,239.31,1175.60,0.309912
74,349.52,314.40,349.81,463.98,238.04,1148.22,0.308746
75,349.06,310.49,349.22,462.13,232.60,1152.97,0.310735
76,348.34,306.01,349.73,472.25,238.46,1155.40,0.308928
77,349.96,310.11,349.58,473.04,243.54,1175.07,0.308736
78,349.79,315.71,349.44,469.72,239.85,1183.93,0.308913
79,348.06,314.94,349.13,478.71,238.95,1183.73,0.307862
80,349.93,306.33,349.70,477.63,244.04,1179.64,0.308748
81,348.61,309.44,349.57,466.66,242.78,1181.55,0.307678
82,348.55,312.14,349.07,465.88,240.69,1190.65,0.307865
83,348.37,302.09,348.90,468.18,244.49,1188.72,0.308549
84,349.84,308.13,349.19,469.07,247.95,1190.91,0.308128
85,349.95,311.11,349.47,472.91,245.79,1180.11,0.307387
86,349.99,309.17,349.71,472.67,250.12,1184.49,0.307792
87,349.94,309.81,349.86,473.56,247.86,1183.82,0.308044
88,349.99,310.17,349.67,474.31,250.63,1185.46,0.308522
89,350.00,307.51,349.67,473.87,257.30,1183.31,0.309078
90,349.81,309.82,349.79,473.80,249.16,1179.04,0.307805
91,349.86,311.05,349.95,474.55,248.49,1178.46,0.308253
92,350.00,308.67,349.71,473.52,253.19,1181.18,0.308067
93,349.28,309.62,349.68,476.19,239.80,1181.61,0.307718
94,349.76,311.13,349.77,476.13,243.76,1186.21,0.308320
95,349.78,311.11,349.71,473.71,239.40,1184.34,0.307893
96,349.23,307.07,349.79,477.03,240.50,1179.03,0.307382
97,349.59,313.51,349.92,477.57,239.82,1179.10,0.308392
98,349.59,310.91,349.65,473.47,243.75,1183.85,0.307661
99,349.32,309.62,349.68,476.11,245.65,1181.56,0.307412
100,350.00,311.95,349.51,475.22,244.83,1181.59,0.307899
101,349.74,309.38,349.53,474.65,245.07,1181.66,0.307881
102,349.96,309.44,349.50,474.15,248.01,1182.68,0.308072
103,349.66,311.16,349.55,473.84,243.17,1180.55,0.307648
104,349.94,310.24,349.54,473.49,246.93,1179.43,0.307880
105,349.91,311.45,349.68,473.37,244.56,1181.30,0.307522
106,349.74,312.13,349.66,474.13,243.77,1178.66,0.307806
107,349.54,309.52,349.58,474.10,246.04,1179.16,0.307681
108,349.64,311.12,349.62,473.89,244.45,1180.40,0.307652
109,349.66,311.18,349.71,473.38,245.82,1180.31,0.307468
110,349.51,310.95,349.59,473.96,243.68,1179.79,0.307545
111,349.83,311.92,349.70,473.44,245.00,1178.91,0.307440
112,349.64,310.91,349.65,473.50,245.10,1178.41,0.307374
113,349.75,310.16,349.60,473.52,245.76,1178.56,0.307475
114,349.67,309.45,349.64,473.36,246.18,1178.08,0.307414
115,349.83,309.46,349.66,473.47,247.91,1179.54,0.307564
116,349.85,310.26,349.65,473.55,246.16,1180.45,0.307485
117,349.86,312.13,349.69,473.72,242.78,1180.67,0.307461
118,349.81,311.33,349.68,473.52,243.90,1180.50,0.307421
119,349.73,312.46,349.69,473.40,242.58,1180.36,0.307414
120,349.71,312.85,349.67,473.66,239.99,1180.51,0.307536
121,349.73,311.82,349.71,473.43,242.91,1180.63,0.307433
122,349.78,310.76,349.67,473.48,246.28,1180.48,0.307464
123,349.83,310.66,349.74,473.57,245.23,1181.18,0.307490
124,349.85,312.16,349.75,473.69,243.77,1180.63,0.307418
125,349.91,312.93,349.78,473.52,243.68,1179.43,0.307392
126,349.76,314.54,349.81,473.51,239.07,1180.65,0.307385
127,349.84,313.14,349.75,473.49,244.22,1178.71,0.307340
128,349.86,314.18,349.83,473.65,241.94,1180.18,0.307350
129,349.67,313.47,349.78,473.58,242.21,1179.57,0.307361
130,349.88,313.84,349.83,473.65,241.80,1180.64,0.307361
131,349.74,313.02,349.78,473.51,243.68,1180.13,0.307349
132,349.77,312.73,349.76,473.42,244.17,1180.45,0.307369
133,349.82,313.49,349.76,473.47,243.50,1180.66,0.307275
134,349.84,313.98,349.83,473.48,242.58,1180.56,0.307268
135,349.76,313.99,349.82,473.58,242.75,1181.09,0.307297
136,349.85,313.19,349.79,473.48,244.20,1180.58,0.307272
